"test1","123","test1@qq.com","138"
"test2","123","test2@qq.com","138"
"test3","123","test3@qq.com","135"
"test4","123","test4@qq.com","213"
"jeoa","jei","Jjeao@qq.com","0750-7795163"
"joiagje","ejaoig","jeiago@qq.com","54894"
"ejgioa","jeioa","joieg.@jegi.cpk","4684"
"jeoiag","jeoia","jeg.ejgoia@jgeoa.ejgoa","48489"
"jeogiaj","ejgoaijgei","ejaogjea.ejaoijgeoiai@egjoijeaog.cjoea","48994-9848-49"
"empty","123","jegioa.jig@jiog.gjeia","49449-9449-849-9"
"test5","123","jiaojgaeio@jiga.com.cn.uk","1919-5984"
"test6","jeioa","ejaioge@jog.joa","7865454"
"test7","123","ajgoie@jiajojaga.jjogajoija","+549421659213"
